Job Title,URL
Software Engineer,https://careers.google.com/jobs#!t=jo&jid=/google/software-engineer-345-spear-st-san-francisco-ca-94105-usa-2683110138&f=true&
Government Affairs and Public Policy Analyst,https://careers.google.com/jobs#!t=jo&jid=/google/government-affairs-and-public-policy-south-san-francisco-ca-usa-3569890157&
Materials Engineer, Advanced Microelectronics Coatings, Medical ...,https://careers.google.com/jobs#!t=jo&jid=/verily-life-sciences/materials-engineer-advanced-south-san-francisco-ca-usa-3737320323&
Research Associate, Biomedical Engineering, Verily Life Sciences ...,https://careers.google.com/jobs#!t=jo&jid=/verily-life-sciences/research-associate-biomedical-south-san-francisco-ca-usa-3581840453&
Biostatistician, Verily Life Sciences,https://careers.google.com/jobs#!t=jo&jid=/verily-life-sciences/biostatistician-verily-life-sciences-south-san-francisco-ca-usa-3466220536&
Principal Quality Engineer, Verily Life Sciences,https://careers.google.com/jobs#!t=jo&jid=/verily-life-sciences/principal-quality-engineer-verily-life-south-san-francisco-ca-usa-3577380149&
Technical Lead, Ophthalmic Devices and Electroactive Polymers ...,https://careers.google.com/jobs#!t=jo&jid=/verily-life-sciences/technical-lead-ophthalmic-devices-and-south-san-francisco-ca-usa-3600710059&
Accountant, Verily Life Sciences,https://careers.google.com/jobs#!t=jo&jid=/verily-life-sciences/accountant-verily-life-sciences-south-san-francisco-ca-usa-3588210575&
DevOps Engineer, IC Tools and Infrastructure, Verily Life Sciences ...,https://careers.google.com/jobs#!t=jo&jid=/verily-life-sciences/devops-engineer-ic-tools-and-south-san-francisco-ca-usa-3654220023&
Principal Regulatory Affairs Specialist, Verily Life Sciences,https://careers.google.com/jobs#!t=jo&jid=/verily-life-sciences/principal-regulatory-affairs-specialist-south-san-francisco-ca-usa-3586250059&
Hardware Engineer, Microfabrication, Verily Life Sciences,https://careers.google.com/jobs#!t=jo&jid=/verily-life-sciences/hardware-engineer-microfabrication-south-san-francisco-ca-usa-3702671200&
Research Associate, Oncology, Verily Life Sciences,https://careers.google.com/jobs#!t=jo&jid=/verily-life-sciences/research-associate-oncology-verily-life-south-san-francisco-ca-usa-3641880134&
Contracts Manager, Verily Life Sciences,https://careers.google.com/jobs#!t=jo&jid=/verily-life-sciences/contracts-manager-verily-life-sciences-south-san-francisco-ca-usa-3407320723&
Facilities Manager, Verily Life Sciences,https://careers.google.com/jobs#!t=jo&jid=/verily-life-sciences/facilities-manager-verily-life-sciences-south-san-francisco-ca-usa-3516400078&
Clinical Data Manager, Verily Life Sciences,https://careers.google.com/jobs#!t=jo&jid=/verily-life-sciences/clinical-data-manager-verily-life-south-san-francisco-ca-usa-3591840427&
Compensation Manager,https://careers.google.com/jobs#!t=jo&jid=/google/compensation-manager-south-san-francisco-ca-usa-3623030363&
Mechanical Engineer, Wearable Sensors, Verily Life Sciences ...,https://careers.google.com/jobs#!t=jo&jid=/verily-life-sciences/mechanical-engineer-wearable-sensors-south-san-francisco-ca-usa-3602290327&
Technical Program Manager, Ophthalmic Wearables, Verily Life ...,https://careers.google.com/jobs#!t=jo&jid=/verily-life-sciences/technical-program-manager-ophthalmic-south-san-francisco-ca-usa-3676370216&
Program Manager, Neurology Platform, Verily Life Sciences,https://careers.google.com/jobs#!t=jo&jid=/verily-life-sciences/program-manager-neurology-platform-south-san-francisco-ca-usa-3408260744&
Software Engineer, Android Applications, Verily Life Sciences ...,https://careers.google.com/jobs#!t=jo&jid=/google/software-engineer-android-applications-south-san-francisco-ca-usa-3407100111&
Lead Development Engineer, Battery Technology, Verily Life ...,https://careers.google.com/jobs#!t=jo&jid=/verily-life-sciences/lead-development-engineer-battery-south-san-francisco-ca-usa-3705720481&
Technical Program Manager, Medical Device Hardware, Verily Life ...,https://careers.google.com/jobs#!t=jo&jid=/verily-life-sciences/technical-program-manager-medical-device-south-san-francisco-ca-usa-3607100018&
International Partnership Manager, Verily Life Sciences,https://careers.google.com/jobs#!t=jo&jid=/verily-life-sciences/international-partnership-manager-verily-south-san-francisco-ca-usa-3601450334&
Research Associate, FACS and Cell Sorting, Verily Life Sciences ...,https://careers.google.com/jobs#!t=jo&jid=/verily-life-sciences/research-associate-facs-and-cell-sorting-south-san-francisco-ca-usa-3398861257&
Plastics Engineer, Verily Life Sciences,https://careers.google.com/jobs#!t=jo&jid=/verily-life-sciences/plastics-engineer-verily-life-sciences-south-san-francisco-ca-usa-3763950249&
Mechanical Engineering Lead, Ophthalmic Devices, Verily Life ...,https://careers.google.com/jobs#!t=jo&jid=/verily-life-sciences/mechanical-engineering-lead-ophthalmic-south-san-francisco-ca-usa-3704690301&
Software Engineer, Verily Life Sciences - South San Francisco ...,https://careers.google.com/jobs#!t=jo&jid=/google/software-engineer-verily-life-sciences-south-san-francisco-ca-usa-3404820153&
Electrical Engineer, Neuromodulation, Verily Life Sciences,https://careers.google.com/jobs#!t=jo&jid=/verily-life-sciences/electrical-engineer-neuromodulation-south-san-francisco-ca-usa-3604271350&
Firmware Engineer, Verily Life Sciences - South San Francisco ...,https://careers.google.com/jobs#!t=jo&jid=/google/firmware-engineer-verily-life-sciences-south-san-francisco-ca-usa-3410260085&
Legal Operations, IP and Litigation, Verily Life Sciences,https://careers.google.com/jobs#!t=jo&jid=/verily-life-sciences/legal-operations-ip-and-litigation-south-san-francisco-ca-usa-3401781084&
Mechanical Engineer, Ophthalmic Wearables, Verily Life Sciences ...,https://careers.google.com/jobs#!t=jo&jid=/verily-life-sciences/mechanical-engineer-ophthalmic-wearables-south-san-francisco-ca-usa-3596491107&
Failure Analyst, Devices, Verily Life Sciences,https://careers.google.com/jobs#!t=jo&jid=/verily-life-sciences/failure-analyst-devices-verily-life-south-san-francisco-ca-usa-3703840410&
Optical Engineer, Verily Life Sciences,https://careers.google.com/jobs#!t=jo&jid=/verily-life-sciences/optical-engineer-verily-life-sciences-south-san-francisco-ca-usa-3704722021&
Embedded Programming Engineer, Imaging Systems, Verily Life ...,https://careers.google.com/jobs#!t=jo&jid=/verily-life-sciences/embedded-programming-engineer-imaging-south-san-francisco-ca-usa-3734000165&
Legal Assistant, Verily Life Sciences,https://careers.google.com/jobs#!t=jo&jid=/verily-life-sciences/legal-assistant-verily-life-sciences-south-san-francisco-ca-usa-3570770207&
Technical Program Manager, Test Engineering, Verily Life Sciences ...,https://careers.google.com/jobs#!t=jo&jid=/google/technical-program-manager-test-south-san-francisco-ca-usa-3411490098&
IC Test Engineer, Verily Life Sciences,https://careers.google.com/jobs#!t=jo&jid=/verily-life-sciences/ic-test-engineer-verily-life-sciences-south-san-francisco-ca-usa-3405301018&
Clinical Trial Manager, Verily Life Sciences,https://careers.google.com/jobs#!t=jo&jid=/verily-life-sciences/clinical-trial-manager-verily-life-south-san-francisco-ca-usa-3407050970&
Program Manager, Behavioral Health, Verily Life Sciences,https://careers.google.com/jobs#!t=jo&jid=/verily-life-sciences/program-manager-behavioral-health-verily-south-san-francisco-ca-usa-3401850922&
Supplier Sourcing Specialist,https://careers.google.com/jobs#!t=jo&jid=/google/supplier-sourcing-specialist-south-san-francisco-ca-usa-3593750398&
Software Test Engineer, Devices, Verily Life Sciences - South San ...,https://careers.google.com/jobs#!t=jo&jid=/google/software-test-engineer-devices-verily-south-san-francisco-ca-usa-3410100157&
Software Engineer, Tools and Infrastructure,https://careers.google.com/jobs#!t=jo&jid=/google/software-engineer-tools-and-345-spear-st-san-francisco-ca-94105-usa-2762450180&
Social Marketing Manager, Google Social Lab,https://careers.google.com/jobs#!t=jo&jid=/google/social-marketing-manager-google-social-345-spear-st-san-francisco-ca-94105-usa-3165090043&
Higher Education Marketing Manager, Google Cloud Platform ...,https://careers.google.com/jobs#!t=jo&jid=/google/higher-education-marketing-manager-345-spear-st-san-francisco-ca-94105-usa-3679490110&
Head of Internal and Executive Communications, Global Business ...,https://careers.google.com/jobs#!t=jo&jid=/google/head-of-internal-and-executive-345-spear-st-san-francisco-ca-94105-usa-3606180072&
Software Engineer, ARCore,https://careers.google.com/jobs#!t=jo&jid=/google/software-engineer-arcore-345-spear-st-san-francisco-ca-94105-usa-3686140144&
Head of Product Communications, Google Ads,https://careers.google.com/jobs#!t=jo&jid=/google/head-of-product-communications-google-345-spear-st-san-francisco-ca-94105-usa-3683910252&
Blog Production Manager, Google Cloud Platform,https://careers.google.com/jobs#!t=jo&jid=/google/blog-production-manager-google-cloud-345-spear-st-san-francisco-ca-94105-usa-3645350431&
Technical Program Manager, Fleet Optimization,https://careers.google.com/jobs#!t=jo&jid=/google/technical-program-manager-fleet-345-spear-st-san-francisco-ca-94105-usa-3100200370&
User Experience Research Intern, Summer 2018,https://careers.google.com/jobs#!t=jo&jid=/google/user-experience-research-intern-summer-345-spear-st-san-francisco-ca-94105-usa-2917800134&
Technical Solutions Engineer, Google Cloud Platform,https://careers.google.com/jobs#!t=jo&jid=/google/technical-solutions-engineer-google-345-spear-st-san-francisco-ca-94105-usa-2882090049&
Developer Relations Intern, Summer 2018,https://careers.google.com/jobs#!t=jo&jid=/google/developer-relations-intern-summer-2018-345-spear-st-san-francisco-ca-94105-usa-2919750147&
Benefits Program Manager, Enrollment,https://careers.google.com/jobs#!t=jo&jid=/google/benefits-program-manager-enrollment-345-spear-st-san-francisco-ca-94105-usa-3755500096&
Account Executive, Google Cloud (Hire for G Suite),https://careers.google.com/jobs#!t=jo&jid=/google/account-executive-google-cloud-hire-for-345-spear-st-san-francisco-ca-94105-usa-3669240030&
Software Engineer, Front End,https://careers.google.com/jobs#!t=jo&jid=/google/software-engineer-front-end-345-spear-st-san-francisco-ca-94105-usa-3767240581&
Software Engineer, Google Cloud Platform (GCP),https://careers.google.com/jobs#!t=jo&jid=/google/software-engineer-google-cloud-platform-345-spear-st-san-francisco-ca-94105-usa-1829000017&
Director, Global Partner Marketing Programs,https://careers.google.com/jobs#!t=jo&jid=/google/director-global-partner-marketing-345-spear-st-san-francisco-ca-94105-usa-3687530729&
User Experience Writer Intern, Summer 2018,https://careers.google.com/jobs#!t=jo&jid=/google/user-experience-writer-intern-summer-345-spear-st-san-francisco-ca-94105-usa-3576400055&
Communications Manager, Google Assistant,https://careers.google.com/jobs#!t=jo&jid=/google/communications-manager-google-assistant-345-spear-st-san-francisco-ca-94105-usa-3757190536&
Revenue Acceleration Lead, Access,https://careers.google.com/jobs#!t=jo&jid=/google/revenue-acceleration-lead-access-345-spear-st-san-francisco-ca-94105-usa-3655980007&
Account Strategist, Global Partnerships Sales Engine,https://careers.google.com/jobs#!t=jo&jid=/google/account-strategist-global-partnerships-345-spear-st-san-francisco-ca-94105-usa-3401740102&
Technical Writer, Software Engineering,https://careers.google.com/jobs#!t=jo&jid=/google/technical-writer-software-engineering-345-spear-st-san-francisco-ca-94105-usa-2765330172&
Partner Engineer Developer Advocate (Games),https://careers.google.com/jobs#!t=jo&jid=/google/partner-engineer-developer-advocate-345-spear-st-san-francisco-ca-94105-usa-2491581009&
Startup Program Manager,https://careers.google.com/jobs#!t=jo&jid=/google/startup-program-manager-345-spear-st-san-francisco-ca-94105-usa-3682410237&
Technical Program Manager, Privacy,https://careers.google.com/jobs#!t=jo&jid=/google/technical-program-manager-privacy-345-spear-st-san-francisco-ca-94105-usa-2780290686&
Software Engineering Intern, PhD, Summer 2018,https://careers.google.com/jobs#!t=jo&jid=/google/software-engineering-intern-phd-summer-345-spear-st-san-francisco-ca-94105-usa-2824680007&
Americas Operations Efficiency Manager,https://careers.google.com/jobs#!t=jo&jid=/google/americas-operations-efficiency-manager-345-spear-st-san-francisco-ca-94105-usa-3678680495&
Visual Designer, Brand Studio,https://careers.google.com/jobs#!t=jo&jid=/google/visual-designer-brand-studio-345-spear-st-san-francisco-ca-94105-usa-2764730017&
Solutions Architect, Healthcare and Life Sciences, Google Cloud ...,https://careers.google.com/jobs#!t=jo&jid=/google/solutions-architect-healthcare-and-life-345-spear-st-san-francisco-ca-94105-usa-3795050134&
Product Marketing Manager, Google Cloud Media and ...,https://careers.google.com/jobs#!t=jo&jid=/google/product-marketing-manager-google-cloud-345-spear-st-san-francisco-ca-94105-usa-3637240346&
Customer Public Relations Manager, Google Cloud,https://careers.google.com/jobs#!t=jo&jid=/google/customer-public-relations-manager-google-345-spear-st-san-francisco-ca-94105-usa-3335990256&
Product Analyst, Global Client and Agency Solutions, Go-to-Market ...,https://careers.google.com/jobs#!t=jo&jid=/google/product-analyst-global-client-and-agency-345-spear-st-san-francisco-ca-94105-usa-3733030442&
Technical Writer, University Graduate,https://careers.google.com/jobs#!t=jo&jid=/google/technical-writer-university-graduate-345-spear-st-san-francisco-ca-94105-usa-3399910034&
Software Engineer, Site Reliability Engineering,https://careers.google.com/jobs#!t=jo&jid=/google/software-engineer-site-reliability-345-spear-st-san-francisco-ca-94105-usa-3414100734&
Partner Experience Program Manager (Scaled Engagement), Global ...,https://careers.google.com/jobs#!t=jo&jid=/google/partner-experience-program-manager-345-spear-st-san-francisco-ca-94105-usa-3738760292&
Sales Engineer, Google Cloud,https://careers.google.com/jobs#!t=jo&jid=/google/sales-engineer-google-cloud-345-spear-st-san-francisco-ca-94105-usa-2702260118&
Platforms Strategy and Operations Manager, Data Enablement ...,https://careers.google.com/jobs#!t=jo&jid=/google/platforms-strategy-and-operations-345-spear-st-san-francisco-ca-94105-usa-3715351223&
Manager, Ads Policy and Risk,https://careers.google.com/jobs#!t=jo&jid=/google/manager-ads-policy-and-risk-345-spear-st-san-francisco-ca-94105-usa-3697650019&
Software Engineer,https://careers.google.com/jobs#!t=jo&jid=/google/software-engineer-345-spear-st-san-francisco-ca-94105-usa-2683110138&
Head of Business Development, Firebase,https://careers.google.com/jobs#!t=jo&jid=/google/head-of-business-development-firebase-345-spear-st-san-francisco-ca-94105-usa-3757050350&
Benefits Compliance Specialist,https://careers.google.com/jobs#!t=jo&jid=/google/benefits-compliance-specialist-345-spear-st-san-francisco-ca-94105-usa-3754850502&
Product Marketing Manager, Google Cloud Gaming,https://careers.google.com/jobs#!t=jo&jid=/google/product-marketing-manager-google-cloud-345-spear-st-san-francisco-ca-94105-usa-3598201054&
User Experience Design Intern, Summer 2018,https://careers.google.com/jobs#!t=jo&jid=/google/user-experience-design-intern-summer-345-spear-st-san-francisco-ca-94105-usa-2989070218&
Communications Manager, Platforms and Ecosystems Security ...,https://careers.google.com/jobs#!t=jo&jid=/google/communications-manager-platforms-and-345-spear-st-san-francisco-ca-94105-usa-3675760223&
Software Engineer, Machine Learning,https://careers.google.com/jobs#!t=jo&jid=/google/software-engineer-machine-learning-345-spear-st-san-francisco-ca-94105-usa-261530033&
Developer Programs Engineer, Web Content Ecosystem,https://careers.google.com/jobs#!t=jo&jid=/google/developer-programs-engineer-web-content-345-spear-st-san-francisco-ca-94105-usa-2849270009&
Product Marketing Manager, Platform and Ecosystem, Billing ...,https://careers.google.com/jobs#!t=jo&jid=/google/product-marketing-manager-platform-and-345-spear-st-san-francisco-ca-94105-usa-3679970327&
Staff Manager, Global Infrastructure,https://careers.google.com/jobs#!t=jo&jid=/google/staff-manager-global-infrastructure-345-spear-st-san-francisco-ca-94105-usa-3182360198&
Program Manager, Kubernetes and Hybrid Cloud,https://careers.google.com/jobs#!t=jo&jid=/google/program-manager-kubernetes-and-hybrid-345-spear-st-san-francisco-ca-94105-usa-3690860349&
Sales Engineer, AdTech, Google Cloud,https://careers.google.com/jobs#!t=jo&jid=/google/sales-engineer-adtech-google-cloud-345-spear-st-san-francisco-ca-94105-usa-3768440468&
Creative Studio Manager, Google Cloud,https://careers.google.com/jobs#!t=jo&jid=/google/creative-studio-manager-google-cloud-345-spear-st-san-francisco-ca-94105-usa-3769730001&
Research Scientist, Google Brain (United States),https://careers.google.com/jobs#!t=jo&jid=/google/research-scientist-google-brain-united-345-spear-st-san-francisco-ca-94105-usa-2483770259&
Associate Commercial Counsel, Marketing,https://careers.google.com/jobs#!t=jo&jid=/google/associate-commercial-counsel-marketing-345-spear-st-san-francisco-ca-94105-usa-3763190399&
Partner Growth Lead, Global Technology Partners,https://careers.google.com/jobs#!t=jo&jid=/google/partner-growth-lead-global-technology-345-spear-st-san-francisco-ca-94105-usa-3693300316&
Program Manager, Cloud Partner Engineering,https://careers.google.com/jobs#!t=jo&jid=/google/program-manager-cloud-partner-345-spear-st-san-francisco-ca-94105-usa-3713190517&
Territory Partner Sales Manager,https://careers.google.com/jobs#!t=jo&jid=/google/territory-partner-sales-manager-345-spear-st-san-francisco-ca-94105-usa-3336460263&
Pricing Analyst, Google Cloud,https://careers.google.com/jobs#!t=jo&jid=/google/pricing-analyst-google-cloud-345-spear-st-san-francisco-ca-94105-usa-3039350052&
Technical Solutions Consultant Intern, Summer 2018,https://careers.google.com/jobs#!t=jo&jid=/google/technical-solutions-consultant-intern-345-spear-st-san-francisco-ca-94105-usa-2926130249&
Google Cloud Pricing Principal,https://careers.google.com/jobs#!t=jo&jid=/google/google-cloud-pricing-principal-345-spear-st-san-francisco-ca-94105-usa-3048760151&
Software Engineer, Imaging,https://careers.google.com/jobs#!t=jo&jid=/google/software-engineer-imaging-345-spear-st-san-francisco-ca-94105-usa-3733070542&
SAP Cloud Consultant, Google Cloud Professional Services ...,https://careers.google.com/jobs#!t=jo&jid=/google/sap-cloud-consultant-google-cloud-345-spear-st-san-francisco-ca-94105-usa-3742420117&
UX Engineer, Front End,https://careers.google.com/jobs#!t=jo&jid=/google/ux-engineer-front-end-345-spear-st-san-francisco-ca-94105-usa-3761940359&
Audience and Automation Specialist, Integrated Sector,https://careers.google.com/jobs#!t=jo&jid=/google/audience-and-automation-specialist-345-spear-st-san-francisco-ca-94105-usa-3787980073&
Strategic Partner Development Manager, Google Shopping ...,https://careers.google.com/jobs#!t=jo&jid=/google/strategic-partner-development-manager-345-spear-st-san-francisco-ca-94105-usa-3405310881&
Head of Executive Communications and Strategy, Google Cloud ...,https://careers.google.com/jobs#!t=jo&jid=/google/head-of-executive-communications-and-345-spear-st-san-francisco-ca-94105-usa-3757450206&
Cloud Data Engineer, Google Professional Services,https://careers.google.com/jobs#!t=jo&jid=/google/cloud-data-engineer-google-professional-345-spear-st-san-francisco-ca-94105-usa-3098400306&
Analytical Lead, Big Box Retail Vertical,https://careers.google.com/jobs#!t=jo&jid=/google/analytical-lead-big-box-retail-vertical-345-spear-st-san-francisco-ca-94105-usa-3785750210&
Communications Manager, YouTube Ads,https://careers.google.com/jobs#!t=jo&jid=/youtube/communications-manager-youtube-ads-345-spear-st-san-francisco-ca-94105-usa-3690710062&
Marketing Insights and Analytics Manager, Google Fiber,https://careers.google.com/jobs#!t=jo&jid=/google-fiber/marketing-insights-and-analytics-manager-345-spear-st-san-francisco-ca-94105-usa-3727422206&
Social Media Manager, Google Cloud Platform,https://careers.google.com/jobs#!t=jo&jid=/google/social-media-manager-google-cloud-345-spear-st-san-francisco-ca-94105-usa-3726210001&
Technical Program Manager, Platform Analytics,https://careers.google.com/jobs#!t=jo&jid=/google/technical-program-manager-platform-345-spear-st-san-francisco-ca-94105-usa-3702760748&
Software Engineer, Infrastructure,https://careers.google.com/jobs#!t=jo&jid=/google/software-engineer-infrastructure-345-spear-st-san-francisco-ca-94105-usa-200600075&
Head of Marketing, Mobile Gaming and App Monetization,https://careers.google.com/jobs#!t=jo&jid=/google/head-of-marketing-mobile-gaming-and-app-345-spear-st-san-francisco-ca-94105-usa-3587550479&
Internal Communications & PR Manager, Hardware,https://careers.google.com/jobs#!t=jo&jid=/google/internal-communications-amp-pr-manager-345-spear-st-san-francisco-ca-94105-usa-3790600041&
Software Engineer, Security,https://careers.google.com/jobs#!t=jo&jid=/google/software-engineer-security-345-spear-st-san-francisco-ca-94105-usa-1480001&
Technical Writer Intern, Summer 2018,https://careers.google.com/jobs#!t=jo&jid=/google/technical-writer-intern-summer-2018-345-spear-st-san-francisco-ca-94105-usa-2930480105&
Strategic Partner Development Manager, Local Shopping and Local ...,https://careers.google.com/jobs#!t=jo&jid=/google/strategic-partner-development-manager-345-spear-st-san-francisco-ca-94105-usa-3731120152&
BOLD Intern, Summer 2018,https://careers.google.com/jobs#!t=jo&jid=/google/bold-intern-summer-2018-345-spear-st-san-francisco-ca-94105-usa-2932090023&
Developer Programs Engineer, Android Framework and Studio ...,https://careers.google.com/jobs#!t=jo&jid=/google/developer-programs-engineer-android-345-spear-st-san-francisco-ca-94105-usa-3760880511&
Internal Communications Manager, Global Business,https://careers.google.com/jobs#!t=jo&jid=/google/internal-communications-manager-global-345-spear-st-san-francisco-ca-94105-usa-3678440146&
Director of Go-To-Market Communications, Google Cloud,https://careers.google.com/jobs#!t=jo&jid=/google/director-of-go-to-market-communications-345-spear-st-san-francisco-ca-94105-usa-3354360221&
UX Writing Manager,https://careers.google.com/jobs#!t=jo&jid=/google/ux-writing-manager-345-spear-st-san-francisco-ca-94105-usa-3681630239&
Solutions Consultant, Cloud Data Services, Google Cloud,https://careers.google.com/jobs#!t=jo&jid=/google/solutions-consultant-cloud-data-services-345-spear-st-san-francisco-ca-94105-usa-3337720153&
Global Content Marketing Lead, Google Cloud,https://careers.google.com/jobs#!t=jo&jid=/google/global-content-marketing-lead-google-345-spear-st-san-francisco-ca-94105-usa-3603380769&
Global Technology Partners, Kubernetes and Istio Ecosystem ...,https://careers.google.com/jobs#!t=jo&jid=/google/global-technology-partners-kubernetes-345-spear-st-san-francisco-ca-94105-usa-3681150012&
Software Engineer, Virtual Reality,https://careers.google.com/jobs#!t=jo&jid=/google/software-engineer-virtual-reality-345-spear-st-san-francisco-ca-94105-usa-3717150526&
Product Marketing Manager, Google Cloud Platform Monitoring ...,https://careers.google.com/jobs#!t=jo&jid=/google/product-marketing-manager-google-cloud-345-spear-st-san-francisco-ca-94105-usa-3776540135&
Brand Marketing Manager, Maps/Education/Chrome,https://careers.google.com/jobs#!t=jo&jid=/google/brand-marketing-manager-maps-education-345-spear-st-san-francisco-ca-94105-usa-3681380023&
Brand Marketing Manager, Consumer Apps Marketing - San ...,https://careers.google.com/jobs#!t=jo&jid=/google/brand-marketing-manager-consumer-apps-345-spear-st-san-francisco-ca-94105-usa-3783870134&
Software Engineer, Audio and Signal Processing,https://careers.google.com/jobs#!t=jo&jid=/google/software-engineer-audio-and-signal-345-spear-st-san-francisco-ca-94105-usa-3710340031&
Strategic Negotiator, Google Cloud,https://careers.google.com/jobs#!t=jo&jid=/google/strategic-negotiator-google-cloud-345-spear-st-san-francisco-ca-94105-usa-3399880015&
Visual Designer,https://careers.google.com/jobs#!t=jo&jid=/google/visual-designer-345-spear-st-san-francisco-ca-94105-usa-9400013&
Communications Manager, Corporate,https://careers.google.com/jobs#!t=jo&jid=/google/communications-manager-corporate-345-spear-st-san-francisco-ca-94105-usa-3730460123&
Developer Programs Engineer, Machine Learning,https://careers.google.com/jobs#!t=jo&jid=/google/developer-programs-engineer-machine-345-spear-st-san-francisco-ca-94105-usa-3708431151&
Engineering Manager, Site Reliability Engineering,https://careers.google.com/jobs#!t=jo&jid=/google/engineering-manager-site-reliability-345-spear-st-san-francisco-ca-94105-usa-2480530933&
Infrastructure Cloud Consultant,https://careers.google.com/jobs#!t=jo&jid=/google/infrastructure-cloud-consultant-345-spear-st-san-francisco-ca-94105-usa-3790630160&
Publisher Solutions Consultant, Google Technical Professional ...,https://careers.google.com/jobs#!t=jo&jid=/google/publisher-solutions-consultant-google-345-spear-st-san-francisco-ca-94105-usa-2943750187&
Global Partnerships Solutions Lead, Broadcast, Media and ...,https://careers.google.com/jobs#!t=jo&jid=/google/global-partnerships-solutions-lead-345-spear-st-san-francisco-ca-94105-usa-3732060948&
iOS Software Engineer, Mobile Applications,https://careers.google.com/jobs#!t=jo&jid=/google/ios-software-engineer-mobile-345-spear-st-san-francisco-ca-94105-usa-2466020190&
Partner Public Relations Manager, Google Cloud,https://careers.google.com/jobs#!t=jo&jid=/google/partner-public-relations-manager-google-345-spear-st-san-francisco-ca-94105-usa-3340270193&
User Experience Engineer Intern, Summer 2018,https://careers.google.com/jobs#!t=jo&jid=/google/user-experience-engineer-intern-summer-345-spear-st-san-francisco-ca-94105-usa-2931150046&
Solutions Architect, Google Cloud,https://careers.google.com/jobs#!t=jo&jid=/google/solutions-architect-google-cloud-345-spear-st-san-francisco-ca-94105-usa-3711420725&
Global Product Lead, Creative, GMS Product and Sales Activation ...,https://careers.google.com/jobs#!t=jo&jid=/google/global-product-lead-creative-gms-product-345-spear-st-san-francisco-ca-94105-usa-3702920297&
Customer Solutions Engineer, Platforms, Google Technical ...,https://careers.google.com/jobs#!t=jo&jid=/google/customer-solutions-engineer-platforms-345-spear-st-san-francisco-ca-94105-usa-2939230163&
Developer Advocate, Firebase,https://careers.google.com/jobs#!t=jo&jid=/google/developer-advocate-firebase-345-spear-st-san-francisco-ca-94105-usa-3405200879&
Strategic Partner Development Manager, Apparel, Social and Visual ...,https://careers.google.com/jobs#!t=jo&jid=/google/strategic-partner-development-manager-345-spear-st-san-francisco-ca-94105-usa-3691110399&
Account Executive, Digital Advertising Sales,https://careers.google.com/jobs#!t=jo&jid=/google/account-executive-digital-advertising-345-spear-st-san-francisco-ca-94105-usa-3311500108&
Visual Designer, Events and Experiences,https://careers.google.com/jobs#!t=jo&jid=/google/visual-designer-events-and-experiences-345-spear-st-san-francisco-ca-94105-usa-3406460658&
Developer Advocate, Gaming,https://careers.google.com/jobs#!t=jo&jid=/google/developer-advocate-gaming-345-spear-st-san-francisco-ca-94105-usa-2635030217&
Sales Engineer, Machine Learning, Google Cloud,https://careers.google.com/jobs#!t=jo&jid=/google/sales-engineer-machine-learning-google-345-spear-st-san-francisco-ca-94105-usa-3050860176&
Performance Agency Analytical Lead,https://careers.google.com/jobs#!t=jo&jid=/google/performance-agency-analytical-lead-345-spear-st-san-francisco-ca-94105-usa-3597610134&
Manager, Customer Solutions Engineering, Google Technical ...,https://careers.google.com/jobs#!t=jo&jid=/google/manager-customer-solutions-engineering-345-spear-st-san-francisco-ca-94105-usa-2729530160&
Developer Programs Engineer (Gaming),https://careers.google.com/jobs#!t=jo&jid=/google/developer-programs-engineer-gaming-345-spear-st-san-francisco-ca-94105-usa-2618630215&
Product Manager, Google Cloud,https://careers.google.com/jobs#!t=jo&jid=/google/product-manager-google-cloud-345-spear-st-san-francisco-ca-94105-usa-2736310463&
Field Sales Manager, Google Cloud,https://careers.google.com/jobs#!t=jo&jid=/google/field-sales-manager-google-cloud-345-spear-st-san-francisco-ca-94105-usa-2878610445&
Software Engineering Intern, BS/MS, Summer 2018,https://careers.google.com/jobs#!t=jo&jid=/google/software-engineering-intern-bs-ms-summer-345-spear-st-san-francisco-ca-94105-usa-2820740026&
Product Marketing Manager,https://careers.google.com/jobs#!t=jo&jid=/google/product-marketing-manager-345-spear-st-san-francisco-ca-94105-usa-3401761218&
Strategic Partner Lead, Mobile Apps,https://careers.google.com/jobs#!t=jo&jid=/google/strategic-partner-lead-mobile-apps-345-spear-st-san-francisco-ca-94105-usa-3705640077&
Data Scientist, Engineering,https://careers.google.com/jobs#!t=jo&jid=/google/data-scientist-engineering-345-spear-st-san-francisco-ca-94105-usa-2732550029&
Product Strategy Lead, DoubleClick Search,https://careers.google.com/jobs#!t=jo&jid=/google/product-strategy-lead-doubleclick-search-345-spear-st-san-francisco-ca-94105-usa-3791050108&
Product Marketing Manager, Platform and Ecosystem, Commerce ...,https://careers.google.com/jobs#!t=jo&jid=/google/product-marketing-manager-platform-and-345-spear-st-san-francisco-ca-94105-usa-3687600072&
Executive and Internal Communications Manager, Developer ...,https://careers.google.com/jobs#!t=jo&jid=/google/executive-and-internal-communications-345-spear-st-san-francisco-ca-94105-usa-3716310201&
People Analytics, PhD Summer Internship, Summer 2018,https://careers.google.com/jobs#!t=jo&jid=/google/people-analytics-phd-summer-internship-345-spear-st-san-francisco-ca-94105-usa-3630720116&
Recruiter,https://careers.google.com/jobs#!t=jo&jid=/google/recruiter-345-spear-st-san-francisco-ca-94105-usa-3257900044&
Technical Account Manager, Search Distribution, Google Technical ...,https://careers.google.com/jobs#!t=jo&jid=/google/technical-account-manager-search-345-spear-st-san-francisco-ca-94105-usa-2776820360&
Software Engineer, Android Applications,https://careers.google.com/jobs#!t=jo&jid=/google/software-engineer-android-applications-345-spear-st-san-francisco-ca-94105-usa-2529561130&
Software Engineer, Graphics,https://careers.google.com/jobs#!t=jo&jid=/google/software-engineer-graphics-345-spear-st-san-francisco-ca-94105-usa-3680510443&
Mobile Solutions Consultant, Google Technical Services Velocity ...,https://careers.google.com/jobs#!t=jo&jid=/google/mobile-solutions-consultant-google-345-spear-st-san-francisco-ca-94105-usa-2518952011&
MBA Intern, Summer 2018,https://careers.google.com/jobs#!t=jo&jid=/google/mba-intern-summer-2018-345-spear-st-san-francisco-ca-94105-usa-2926460062&
Engineering Practicum Intern, Summer 2018,https://careers.google.com/jobs#!t=jo&jid=/google/engineering-practicum-intern-summer-2018-345-spear-st-san-francisco-ca-94105-usa-2976100146&
Product Marketing Manager, Strategy and Operations, Google Fiber ...,https://careers.google.com/jobs#!t=jo&jid=/google-fiber/product-marketing-manager-strategy-and-345-spear-st-san-francisco-ca-94105-usa-3730422559&
Specialist Engineer, Performance, Mobile Google Technical ...,https://careers.google.com/jobs#!t=jo&jid=/google/specialist-engineer-performance-mobile-345-spear-st-san-francisco-ca-94105-usa-2746870010&
Developer Programs Engineer, Google Cloud Platform,https://careers.google.com/jobs#!t=jo&jid=/google/developer-programs-engineer-google-cloud-345-spear-st-san-francisco-ca-94105-usa-3686810047&
Technical Solutions Engineer, Cloud Partner Integration ...,https://careers.google.com/jobs#!t=jo&jid=/google/technical-solutions-engineer-cloud-345-spear-st-san-francisco-ca-94105-usa-3414101047&
Interaction Designer,https://careers.google.com/jobs#!t=jo&jid=/google/interaction-designer-345-spear-st-san-francisco-ca-94105-usa-9400011&
Technical Program Manager, Healthcare and Life Sciences, Google ...,https://careers.google.com/jobs#!t=jo&jid=/google/technical-program-manager-healthcare-and-345-spear-st-san-francisco-ca-94105-usa-3174470387&
Machine Learning Cloud Consultant,https://careers.google.com/jobs#!t=jo&jid=/google/machine-learning-cloud-consultant-345-spear-st-san-francisco-ca-94105-usa-2847210183&
Software Engineer, Embedded Systems,https://careers.google.com/jobs#!t=jo&jid=/google/software-engineer-embedded-systems-345-spear-st-san-francisco-ca-94105-usa-739920002&
Account Executive, Hire,https://careers.google.com/jobs#!t=jo&jid=/google/account-executive-hire-345-spear-st-san-francisco-ca-94105-usa-3179080179&
Big Data and Analytics Cloud Consultant,https://careers.google.com/jobs#!t=jo&jid=/google/big-data-and-analytics-cloud-consultant-345-spear-st-san-francisco-ca-94105-usa-2846740842&
Head of Media, Google Cloud - San Francisco,https://careers.google.com/jobs#!t=jo&jid=/google/head-of-media-google-cloud-san-francisco-345-spear-st-san-francisco-ca-94105-usa-3796080017&
Account Manager, Digital Advertising Sales,https://careers.google.com/jobs#!t=jo&jid=/google/account-manager-digital-advertising-345-spear-st-san-francisco-ca-94105-usa-3312410160&
Systems Engineer, Site Reliability Engineering,https://careers.google.com/jobs#!t=jo&jid=/google/systems-engineer-site-reliability-345-spear-st-san-francisco-ca-94105-usa-3522740122&
Unix/Linux Systems Programmer and Administrator,https://careers.google.com/jobs#!t=jo&jid=/google/unix-linux-systems-programmer-and-345-spear-st-san-francisco-ca-94105-usa-2636500173&
Internal Communications Manager, Go-to-Market, Google Cloud ...,https://careers.google.com/jobs#!t=jo&jid=/google/internal-communications-manager-go-to-345-spear-st-san-francisco-ca-94105-usa-3715080283&
Technical/VFX Artist (Virtual Reality), Tilt Brush,https://careers.google.com/jobs#!t=jo&jid=/google/technical-vfx-artist-virtual-reality-345-spear-st-san-francisco-ca-94105-usa-3747160134&
Program Manager, Security and Compliance, Google Payments ...,https://careers.google.com/jobs#!t=jo&jid=/google/program-manager-security-and-compliance-345-spear-st-san-francisco-ca-94105-usa-2982290064&
Customer Solutions Engineer, Google Technical Professional ...,https://careers.google.com/jobs#!t=jo&jid=/google/customer-solutions-engineer-google-345-spear-st-san-francisco-ca-94105-usa-2932530134&
Head of Creative Talent Management, Google Cloud,https://careers.google.com/jobs#!t=jo&jid=/google/head-of-creative-talent-management-345-spear-st-san-francisco-ca-94105-usa-3765680107&
Student Research Collaboration,https://careers.google.com/jobs#!t=jo&jid=/google/student-research-collaboration-345-spear-st-san-francisco-ca-94105-usa-2704290171&
Technical Program Manager Intern,https://careers.google.com/jobs#!t=jo&jid=/google/technical-program-manager-intern-345-spear-st-san-francisco-ca-94105-usa-3336120210&
Legal Assistant,https://careers.google.com/jobs#!t=jo&jid=/google/legal-assistant-901-cherry-ave-san-bruno-ca-94066-usa-3706661460&
Software Engineer Manager, Tools and Infrastructure,https://careers.google.com/jobs#!t=jo&jid=/google/software-engineer-manager-tools-and-901-cherry-ave-san-bruno-ca-94066-usa-3176540081&
Policy Enforcement Group Manager, YouTube Trust and Safety ...,https://careers.google.com/jobs#!t=jo&jid=/google/policy-enforcement-group-manager-youtube-901-cherry-ave-san-bruno-ca-94066-usa-3408600701&
Software Engineer, Virtual Reality,https://careers.google.com/jobs#!t=jo&jid=/google/software-engineer-virtual-reality-901-cherry-ave-san-bruno-ca-94066-usa-3739880401&
Web Solutions Engineer, Content Tools, YouTube,https://careers.google.com/jobs#!t=jo&jid=/youtube/web-solutions-engineer-content-tools-901-cherry-ave-san-bruno-ca-94066-usa-3738450001&
Public Policy Manager, YouTube Child Safety,https://careers.google.com/jobs#!t=jo&jid=/youtube/public-policy-manager-youtube-child-901-cherry-ave-san-bruno-ca-94066-usa-3714411011&
Strategic Partner Manager (Strategy and Operations), YouTube ...,https://careers.google.com/jobs#!t=jo&jid=/youtube/strategic-partner-manager-strategy-and-901-cherry-ave-san-bruno-ca-94066-usa-3791870004&
Project Manager, Social Support, YouTube,https://careers.google.com/jobs#!t=jo&jid=/youtube/project-manager-social-support-youtube-901-cherry-ave-san-bruno-ca-94066-usa-3788490047&
Software Engineer, YouTube,https://careers.google.com/jobs#!t=jo&jid=/youtube/software-engineer-youtube-901-cherry-ave-san-bruno-ca-94066-usa-1744490093&
Business Compliance Lead, YouTube,https://careers.google.com/jobs#!t=jo&jid=/youtube/business-compliance-lead-youtube-901-cherry-ave-san-bruno-ca-94066-usa-3777520233&
Strategic Partner Manager, Content Partnerships, YouTube Gaming ...,https://careers.google.com/jobs#!t=jo&jid=/google/strategic-partner-manager-content-901-cherry-ave-san-bruno-ca-94066-usa-3733070410&
Strategic Partner Manager, Content Partnerships, Sports, YouTube ...,https://careers.google.com/jobs#!t=jo&jid=/youtube/strategic-partner-manager-content-901-cherry-ave-san-bruno-ca-94066-usa-3754600322&
Data Program Manager, Support Operations, YouTube,https://careers.google.com/jobs#!t=jo&jid=/youtube/data-program-manager-support-operations-901-cherry-ave-san-bruno-ca-94066-usa-3751600201&
Product Support Expert, YouTube,https://careers.google.com/jobs#!t=jo&jid=/youtube/product-support-expert-youtube-901-cherry-ave-san-bruno-ca-94066-usa-3749780140&
Quantitative Business Analyst, YouTube,https://careers.google.com/jobs#!t=jo&jid=/youtube/quantitative-business-analyst-youtube-901-cherry-ave-san-bruno-ca-94066-usa-3768340173&
Manager, Product Experts, YouTube Partner Operations,https://careers.google.com/jobs#!t=jo&jid=/youtube/manager-product-experts-youtube-partner-901-cherry-ave-san-bruno-ca-94066-usa-3745101390&
Software Engineer, Imaging,https://careers.google.com/jobs#!t=jo&jid=/google/software-engineer-imaging-901-cherry-ave-san-bruno-ca-94066-usa-3707620835&
Public Policy Manager, YouTube,https://careers.google.com/jobs#!t=jo&jid=/youtube/public-policy-manager-youtube-901-cherry-ave-san-bruno-ca-94066-usa-3748130242&
Product Marketing Manager, Trust and Safety YouTube,https://careers.google.com/jobs#!t=jo&jid=/youtube/product-marketing-manager-trust-and-901-cherry-ave-san-bruno-ca-94066-usa-3707891666&
Partner Operations Manager, YouTube,https://careers.google.com/jobs#!t=jo&jid=/youtube/partner-operations-manager-youtube-901-cherry-ave-san-bruno-ca-94066-usa-3788270007&
Customer Relationship Management Tech Lead, YouTube ...,https://careers.google.com/jobs#!t=jo&jid=/youtube/customer-relationship-management-tech-901-cherry-ave-san-bruno-ca-94066-usa-3725930837&
Partner Data Manager, Music Partnerships, YouTube,https://careers.google.com/jobs#!t=jo&jid=/youtube/partner-data-manager-music-partnerships-901-cherry-ave-san-bruno-ca-94066-usa-3761020549&
Abuse Product Specialist, YouTube,https://careers.google.com/jobs#!t=jo&jid=/youtube/abuse-product-specialist-youtube-901-cherry-ave-san-bruno-ca-94066-usa-3776080397&
Technical Operations Specialist Lead, YouTube,https://careers.google.com/jobs#!t=jo&jid=/youtube/technical-operations-specialist-lead-901-cherry-ave-san-bruno-ca-94066-usa-3763640416&
Partner Technology Manager, YouTube Measurement Program ...,https://careers.google.com/jobs#!t=jo&jid=/youtube/partner-technology-manager-youtube-901-cherry-ave-san-bruno-ca-94066-usa-3731160162&
Staffing Manager,https://careers.google.com/jobs#!t=jo&jid=/google/staffing-manager-901-cherry-ave-san-bruno-ca-94066-usa-3642610388&
Technical Writer, Software Engineering,https://careers.google.com/jobs#!t=jo&jid=/google/technical-writer-software-engineering-901-cherry-ave-san-bruno-ca-94066-usa-3404220100&
Associate Partner Account Manager, YouTube,https://careers.google.com/jobs#!t=jo&jid=/youtube/associate-partner-account-manager-901-cherry-ave-san-bruno-ca-94066-usa-3745680700&
Front End Software Engineer, YouTube,https://careers.google.com/jobs#!t=jo&jid=/youtube/front-end-software-engineer-youtube-901-cherry-ave-san-bruno-ca-94066-usa-1749020127&
Partner Technology Manager, Living Room, YouTube,https://careers.google.com/jobs#!t=jo&jid=/youtube/partner-technology-manager-living-room-901-cherry-ave-san-bruno-ca-94066-usa-3590990879&
Policy Enforcement and Operations Business Analyst, YouTube ...,https://careers.google.com/jobs#!t=jo&jid=/youtube/policy-enforcement-and-operations-901-cherry-ave-san-bruno-ca-94066-usa-3401871320&
User Experience Design Intern, Summer 2018,https://careers.google.com/jobs#!t=jo&jid=/google/user-experience-design-intern-summer-901-cherry-ave-san-bruno-ca-94066-usa-2984930278&
User Experience Engineer Intern, Summer 2018,https://careers.google.com/jobs#!t=jo&jid=/google/user-experience-engineer-intern-summer-901-cherry-ave-san-bruno-ca-94066-usa-2930080054&
Software Engineer, Infrastructure,https://careers.google.com/jobs#!t=jo&jid=/google/software-engineer-infrastructure-901-cherry-ave-san-bruno-ca-94066-usa-1720980637&
Scaled Partner Compliance Analyst, YouTube,https://careers.google.com/jobs#!t=jo&jid=/youtube/scaled-partner-compliance-analyst-901-cherry-ave-san-bruno-ca-94066-usa-3575370193&
Research and Insights Manager, YouTube Music,https://careers.google.com/jobs#!t=jo&jid=/youtube/research-and-insights-manager-youtube-901-cherry-ave-san-bruno-ca-94066-usa-3676430705&
Lead Solutions Consultant, TV and Media, YouTube,https://careers.google.com/jobs#!t=jo&jid=/youtube/lead-solutions-consultant-tv-and-media-901-cherry-ave-san-bruno-ca-94066-usa-3690160044&
Service Manager, TV and Media Solutions, YouTube,https://careers.google.com/jobs#!t=jo&jid=/youtube/service-manager-tv-and-media-solutions-901-cherry-ave-san-bruno-ca-94066-usa-3678390042&
Service Manager, Payments and Compliance, TV and Media ...,https://careers.google.com/jobs#!t=jo&jid=/youtube/service-manager-payments-and-compliance-901-cherry-ave-san-bruno-ca-94066-usa-3714160667&
Test Engineer,https://careers.google.com/jobs#!t=jo&jid=/google/test-engineer-901-cherry-ave-san-bruno-ca-94066-usa-2668550303&
Partner Technology Manager, TV/Media, YouTube,https://careers.google.com/jobs#!t=jo&jid=/youtube/partner-technology-manager-tv-media-901-cherry-ave-san-bruno-ca-94066-usa-3575470135&
Software Engineer, YouTube Machine Learning,https://careers.google.com/jobs#!t=jo&jid=/youtube/software-engineer-youtube-machine-901-cherry-ave-san-bruno-ca-94066-usa-3603330340&
Executive Communications Manager, Global Operations, YouTube ...,https://careers.google.com/jobs#!t=jo&jid=/youtube/executive-communications-manager-global-901-cherry-ave-san-bruno-ca-94066-usa-3685170297&
Software Engineering Intern, PhD, Summer 2018,https://careers.google.com/jobs#!t=jo&jid=/google/software-engineering-intern-phd-summer-901-cherry-ave-san-bruno-ca-94066-usa-2831050011&
Software Engineer, University Graduate, YouTube,https://careers.google.com/jobs#!t=jo&jid=/youtube/software-engineer-university-graduate-901-cherry-ave-san-bruno-ca-94066-usa-2787210317&
Software Engineer, Embedded Systems,https://careers.google.com/jobs#!t=jo&jid=/google/software-engineer-embedded-systems-901-cherry-ave-san-bruno-ca-94066-usa-1724390064&
Music Counsel, YouTube,https://careers.google.com/jobs#!t=jo&jid=/youtube/music-counsel-youtube-901-cherry-ave-san-bruno-ca-94066-usa-3714030223&
Technical Program Manager, Developer Experience, YouTube ...,https://careers.google.com/jobs#!t=jo&jid=/youtube/technical-program-manager-developer-901-cherry-ave-san-bruno-ca-94066-usa-3574790321&
Product Analytics Lead, Data Science,https://careers.google.com/jobs#!t=jo&jid=/google/product-analytics-lead-data-science-901-cherry-ave-san-bruno-ca-94066-usa-2521751671&
Product Marketing Manager,https://careers.google.com/jobs#!t=jo&jid=/google/product-marketing-manager-901-cherry-ave-san-bruno-ca-94066-usa-3406731017&
Internal and Executive Communications Manager, Tech, YouTube ...,https://careers.google.com/jobs#!t=jo&jid=/youtube/internal-and-executive-communications-901-cherry-ave-san-bruno-ca-94066-usa-3598291085&
Software Engineer, Audio and Signal Processing,https://careers.google.com/jobs#!t=jo&jid=/google/software-engineer-audio-and-signal-901-cherry-ave-san-bruno-ca-94066-usa-3717230019&
Software Engineer, Graphics,https://careers.google.com/jobs#!t=jo&jid=/google/software-engineer-graphics-901-cherry-ave-san-bruno-ca-94066-usa-3685320294&
Software Engineer, Site Reliability Engineering, YouTube ...,https://careers.google.com/jobs#!t=jo&jid=/youtube/software-engineer-site-reliability-901-cherry-ave-san-bruno-ca-94066-usa-1758430059&
Copyright Operations Specialist, YouTube,https://careers.google.com/jobs#!t=jo&jid=/youtube/copyright-operations-specialist-youtube-901-cherry-ave-san-bruno-ca-94066-usa-3404160843&
Data Scientist, Engineering,https://careers.google.com/jobs#!t=jo&jid=/google/data-scientist-engineering-901-cherry-ave-san-bruno-ca-94066-usa-2459700631&
Policy Enforcement Manager (YouTube Kids), YouTube,https://careers.google.com/jobs#!t=jo&jid=/youtube/policy-enforcement-manager-youtube-kids-901-cherry-ave-san-bruno-ca-94066-usa-3680430034&
Engineering Practicum Intern, Summer 2018,https://careers.google.com/jobs#!t=jo&jid=/google/engineering-practicum-intern-summer-2018-901-cherry-ave-san-bruno-ca-94066-usa-2784160238&
Scaled Abuse Analyst, YouTube,https://careers.google.com/jobs#!t=jo&jid=/youtube/scaled-abuse-analyst-youtube-901-cherry-ave-san-bruno-ca-94066-usa-3706790003&
Global Head of Music Social and Influencer Marketing, Marketing ...,https://careers.google.com/jobs#!t=jo&jid=/youtube/global-head-of-music-social-and-901-cherry-ave-san-bruno-ca-94066-usa-3388210284&
Technology Manager, Emerging Technology, YouTube,https://careers.google.com/jobs#!t=jo&jid=/youtube/technology-manager-emerging-technology-901-cherry-ave-san-bruno-ca-94066-usa-3679590482&
Solutions Consultant, Media and TV Solutions, YouTube,https://careers.google.com/jobs#!t=jo&jid=/youtube/solutions-consultant-media-and-tv-901-cherry-ave-san-bruno-ca-94066-usa-3716170227&
Software Engineer, YouTube Trust and Safety Data Engineering ...,https://careers.google.com/jobs#!t=jo&jid=/youtube/software-engineer-youtube-trust-and-901-cherry-ave-san-bruno-ca-94066-usa-3596840454&
User Experience Research Intern, Summer 2018,https://careers.google.com/jobs#!t=jo&jid=/google/user-experience-research-intern-summer-901-cherry-ave-san-bruno-ca-94066-usa-2930350358&
Workforce Manager, Global Vendor Operations, YouTube ...,https://careers.google.com/jobs#!t=jo&jid=/youtube/workforce-manager-global-vendor-901-cherry-ave-san-bruno-ca-94066-usa-3593860458&
Partner Technology Manager, TV and Media Solutions, YouTube ...,https://careers.google.com/jobs#!t=jo&jid=/youtube/partner-technology-manager-tv-and-media-901-cherry-ave-san-bruno-ca-94066-usa-3732060370&
Data Scientist Technical Lead, Engineering,https://careers.google.com/jobs#!t=jo&jid=/google/data-scientist-technical-lead-901-cherry-ave-san-bruno-ca-94066-usa-2767810045&
Product Strategy and Operations Lead, YouTube,https://careers.google.com/jobs#!t=jo&jid=/youtube/product-strategy-and-operations-lead-901-cherry-ave-san-bruno-ca-94066-usa-3380970305&
Systems Engineer, Site Reliability Engineering,https://careers.google.com/jobs#!t=jo&jid=/google/systems-engineer-site-reliability-901-cherry-ave-san-bruno-ca-94066-usa-1722870416&
Product Operations and Strategy Lead, Engineering,https://careers.google.com/jobs#!t=jo&jid=/google/product-operations-and-strategy-lead-901-cherry-ave-san-bruno-ca-94066-usa-3389390184&
Software Engineering Intern, BS/MS, Summer 2018,https://careers.google.com/jobs#!t=jo&jid=/google/software-engineering-intern-bs-ms-summer-901-cherry-ave-san-bruno-ca-94066-usa-2781710318&
Enforcement Detection Analyst, Trust and Safety, YouTube ...,https://careers.google.com/jobs#!t=jo&jid=/youtube/enforcement-detection-analyst-trust-and-901-cherry-ave-san-bruno-ca-94066-usa-3414100582&
BOLD Intern, Summer 2018,https://careers.google.com/jobs#!t=jo&jid=/google/bold-intern-summer-2018-901-cherry-ave-san-bruno-ca-94066-usa-2918570073&
Technical Program Manager, Site Infrastructure, YouTube ...,https://careers.google.com/jobs#!t=jo&jid=/youtube/technical-program-manager-site-901-cherry-ave-san-bruno-ca-94066-usa-3598190743&
Product Operations Specialist, Engineering,https://careers.google.com/jobs#!t=jo&jid=/google/product-operations-specialist-901-cherry-ave-san-bruno-ca-94066-usa-3595810400&
Software Engineer, Mobile, YouTube,https://careers.google.com/jobs#!t=jo&jid=/youtube/software-engineer-mobile-youtube-901-cherry-ave-san-bruno-ca-94066-usa-1753950001&
Principal, Strategy, YouTube,https://careers.google.com/jobs#!t=jo&jid=/youtube/principal-strategy-youtube-901-cherry-ave-san-bruno-ca-94066-usa-2876750008&
Technical Operations Specialist, YouTube Trust and Safety ...,https://careers.google.com/jobs#!t=jo&jid=/youtube/technical-operations-specialist-youtube-901-cherry-ave-san-bruno-ca-94066-usa-3293540073&
MBA Intern, Summer 2018,https://careers.google.com/jobs#!t=jo&jid=/google/mba-intern-summer-2018-901-cherry-ave-san-bruno-ca-94066-usa-2930090049&
Visual Designer,https://careers.google.com/jobs#!t=jo&jid=/google/visual-designer-901-cherry-ave-san-bruno-ca-94066-usa-1753530178&
UX Writing Manager,https://careers.google.com/jobs#!t=jo&jid=/google/ux-writing-manager-901-cherry-ave-san-bruno-ca-94066-usa-3397871068&
People Consultant,https://careers.google.com/jobs#!t=jo&jid=/google/people-consultant-901-cherry-ave-san-bruno-ca-94066-usa-3695290043&
Product Analyst, Data Science,https://careers.google.com/jobs#!t=jo&jid=/google/product-analyst-data-science-901-cherry-ave-san-bruno-ca-94066-usa-2533200227&
Student Research Collaboration,https://careers.google.com/jobs#!t=jo&jid=/google/student-research-collaboration-901-cherry-ave-san-bruno-ca-94066-usa-2697840568&
Global Product Lead, Creative, GMS Product and Sales Activation ...,https://careers.google.com/jobs#!t=jo&jid=/google/global-product-lead-creative-gms-product-901-cherry-ave-san-bruno-ca-94066-usa-3712210711&
Interaction Designer, YouTube,https://careers.google.com/jobs#!t=jo&jid=/youtube/interaction-designer-youtube-901-cherry-ave-san-bruno-ca-94066-usa-2484751325&
Product Strategist, Growth,https://careers.google.com/jobs#!t=jo&jid=/google/product-strategist-growth-901-cherry-ave-san-bruno-ca-94066-usa-3292280015&
Product Support Lead, Subscriptions Support, YouTube,https://careers.google.com/jobs#!t=jo&jid=/youtube/product-support-lead-subscriptions-901-cherry-ave-san-bruno-ca-94066-usa-3597640625&
Product Manager, YouTube,https://careers.google.com/jobs#!t=jo&jid=/youtube/product-manager-youtube-901-cherry-ave-san-bruno-ca-94066-usa-2622530257&
Business Compliance Specialist, YouTube,https://careers.google.com/jobs#!t=jo&jid=/youtube/business-compliance-specialist-youtube-901-cherry-ave-san-bruno-ca-94066-usa-3684220842&
Software Engineer, Tools and Infrastructure,https://careers.google.com/jobs#!t=jo&jid=/google/software-engineer-tools-and-901-cherry-ave-san-bruno-ca-94066-usa-2767230258&
Logistics Lead, Program Manager, Loon,https://careers.google.com/jobs#!t=jo&jid=/google/logistics-lead-program-manager-loon-google-building-41-1600-amphitheatre-3788290111&
Visual Merchandising Manager, Retail Marketing,https://careers.google.com/jobs#!t=jo&jid=/google/visual-merchandising-manager-retail-google-building-41-1600-amphitheatre-3785660126&
Partner Manager, SAP, Google Cloud,https://careers.google.com/jobs#!t=jo&jid=/google/partner-manager-sap-google-cloud-google-building-41-1600-amphitheatre-3784690238&
Technical Program Manager, Semi-Structured Search,https://careers.google.com/jobs#!t=jo&jid=/google/technical-program-manager-semi-google-building-41-1600-amphitheatre-3789760211&
Developer Marketing Manager, Augmented Reality and Virtual ...,https://careers.google.com/jobs#!t=jo&jid=/google/developer-marketing-manager-augmented-google-building-41-1600-amphitheatre-3791300236&
Americas Books Merchandising Manager, Google Play,https://careers.google.com/jobs#!t=jo&jid=/google/americas-books-merchandising-manager-google-building-41-1600-amphitheatre-3792020274&
Partner Experience Specialist, Online Partnerships Group (English ...,https://careers.google.com/jobs#!t=jo&jid=/google/partner-experience-specialist-online-google-building-41-1600-amphitheatre-3797040156&
Program Manager, Mergers and Acquisitions Integration Software ...,https://careers.google.com/jobs#!t=jo&jid=/google/program-manager-mergers-and-acquisitions-1160-n-mathilda-ave-sunnyvale-ca-94089-3786900106&
Solutions Architect, Healthcare and Life Sciences, Google Cloud ...,https://careers.google.com/jobs#!t=jo&jid=/google/solutions-architect-healthcare-and-life-1160-n-mathilda-ave-sunnyvale-ca-94089-3786770182&
Account Manager, Google Cloud,https://careers.google.com/jobs#!t=jo&jid=/google/account-manager-google-cloud-1160-n-mathilda-ave-sunnyvale-ca-94089-3679140366&
